{"stat.craftItem.minecraft.leather_leggings":2,"stat.useItem.minecraft.quartz_block":497,"stat.pickup.minecraft.stone_pressure_plate":1,"stat.useItem.minecraft.repeater":39,"stat.leaveGame":6,"stat.useItem.minecraft.skull":6,"stat.pickup.minecraft.leather_chestplate":1,"stat.drop.minecraft.redstone":2,"stat.useItem.minecraft.glowstone":211,"stat.mineBlock.minecraft.stained_glass":1,"stat.pickup.minecraft.fishing_rod":1,"stat.swimOneCm":32692,"stat.useItem.minecraft.snow":26,"stat.useItem.minecraft.concrete_powder":763,"stat.useItem.minecraft.planks":53,"stat.enderchestOpened":12,"stat.useItem.minecraft.redstone_torch":5,"stat.useItem.minecraft.obsidian":642,"stat.useItem.minecraft.dirt":24,"stat.pickup.minecraft.bow":1,"stat.useItem.minecraft.water_bucket":108,"stat.pickup.minecraft.shears":1,"stat.pickup.minecraft.leather_boots":1,"stat.pickup.minecraft.diamond_hoe":6,"stat.useItem.minecraft.anvil":6,"stat.flyOneCm":1938719,"stat.useItem.minecraft.cooked_beef":2,"stat.drop.minecraft.gold_ingot":1,"stat.pickup.minecraft.redstone":3,"stat.timeSinceDeath":7740,"stat.useItem.minecraft.sign":56,"stat.useItem.minecraft.wooden_slab":76,"stat.useItem.minecraft.red_glazed_terracotta":29,"stat.useItem.minecraft.noteblock":4,"stat.useItem.minecraft.lever":8,"stat.pickup.minecraft.carpet":1,"stat.pickup.minecraft.diamond_shovel":2,"stat.pickup.minecraft.wooden_button":3,"stat.useItem.minecraft.armor_stand":1,"stat.useItem.minecraft.end_stone":1013,"stat.useItem.minecraft.redstone":56,"stat.useItem.minecraft.sea_lantern":52,"stat.pickup.minecraft.nether_star":768,"stat.pickup.minecraft.leather_helmet":1,"stat.useItem.minecraft.dragon_egg":1,"stat.useItem.minecraft.diamond_block":82,"stat.sprintOneCm":80516,"stat.useItem.minecraft.stained_glass":161,"stat.useItem.minecraft.stone_slab":45,"stat.pickup.minecraft.potion":2,"stat.useItem.minecraft.flint_and_steel":17,"stat.useItem.minecraft.wooden_button":27,"stat.useItem.minecraft.stone_pressure_plate":10,"stat.pickup.minecraft.emerald":1536,"stat.pickup.minecraft.leather_leggings":1,"stat.pickup.minecraft.lever":5,"stat.deaths":199,"stat.drop":5,"stat.playOneMinute":384043,"stat.craftItem.minecraft.leather_chestplate":2,"stat.pickup.minecraft.stone_button":8,"stat.pickup.minecraft.beacon":384,"stat.drop.minecraft.chest":1,"stat.diveOneCm":13477,"stat.chestOpened":53,"stat.pickup.minecraft.sign":3,"stat.useItem.minecraft.stone":25,"stat.useItem.minecraft.quartz_stairs":27,"stat.useItem.minecraft.blue_glazed_terracotta":33,"stat.useItem.minecraft.ender_chest":10,"stat.useItem.minecraft.black_glazed_terracotta":25,"stat.useItem.minecraft.white_shulker_box":19,"stat.useItem.minecraft.carpet":23,"stat.useItem.minecraft.clay":1,"stat.pickup.minecraft.diamond_sword":1,"stat.useItem.minecraft.bedrock":22,"stat.jump":1316,"stat.fallOneCm":406157,"stat.useItem.minecraft.piston":56,"stat.crouchOneCm":42658,"stat.useItem.minecraft.stone_button":11,"stat.useItem.minecraft.light_weighted_pressure_plate":3,"stat.craftingTableInteraction":1,"stat.useItem.minecraft.glass":2,"stat.useItem.minecraft.redstone_lamp":6,"stat.damageTaken":66430,"stat.noteblockTuned":24,"stat.pickup.minecraft.diamond_axe":2,"stat.drop.minecraft.carpet":1,"stat.useItem.minecraft.wool":883,"stat.useItem.minecraft.crafting_table":1,"stat.useItem.minecraft.command_block":560,"stat.pickup.minecraft.flint_and_steel":3,"stat.walkOneCm":297109,"stat.useItem.minecraft.torch":3,"stat.useItem.minecraft.chest":23,"stat.pickup.minecraft.diamond_pickaxe":2,"stat.useItem.minecraft.log":4,"stat.useItem.minecraft.cobblestone":45,"stat.craftItem.minecraft.leather_boots":2,"stat.useItem.minecraft.emerald_block":91,"stat.useItem.minecraft.redstone_block":17,"stat.pickup.minecraft.tnt":384,"stat.useItem.minecraft.item_frame":2,"stat.shulkerBoxOpened":4,"stat.useItem.minecraft.stained_hardened_clay":51,"stat.useItem.minecraft.concrete":695,"stat.useItem.minecraft.glass_pane":8,"stat.useItem.minecraft.netherrack":991,"stat.pickup.minecraft.gold_ingot":1,"stat.useItem.minecraft.prismarine":115,"stat.useItem.minecraft.barrier":124,"stat.useItem.minecraft.wooden_pressure_plate":4,"stat.pickup.minecraft.diamond":768,"stat.sneakTime":26016,"stat.pickup.minecraft.spruce_boat":12,"stat.pickup.minecraft.chest":1}