{"stat.useItem.139":2,"stat.mineBlock.69":1,"stat.useItem.173":4,"stat.useItem.3":42,"achievement.exploreAllBiomes":{"value":0,"progress":["Plains"]},"stat.useItem.324":4,"stat.useItem.24":72,"stat.useItem.404":12,"stat.useItem.126":11,"stat.useItem.48":8,"stat.useItem.143":1,"stat.useItem.89":6,"achievement.openInventory":201,"stat.useItem.23":30,"stat.useItem.96":13,"stat.useItem.50":8,"stat.useItem.259":2,"stat.useItem.49":375,"stat.useItem.5":194,"stat.useItem.323":61,"stat.useItem.355":6,"stat.useItem.16":10,"stat.fallOneCm":811604,"stat.flyOneCm":2279307,"stat.useItem.69":28,"stat.climbOneCm":43232,"stat.useItem.133":17,"stat.drop":30,"stat.damageTaken":185986,"stat.useItem.153":16,"stat.useItem.70":16,"stat.useItem.76":7,"stat.useItem.29":6,"stat.useItem.356":91,"stat.useItem.54":7,"stat.useItem.159":426,"stat.useItem.41":127,"stat.useItem.106":6,"stat.useItem.17":26,"stat.useItem.15":1,"stat.useItem.85":2,"stat.useItem.80":1,"stat.useItem.277":256,"stat.useItem.116":1,"stat.useItem.79":2,"stat.useItem.401":152,"stat.useItem.57":142,"stat.playOneMinute":397462,"stat.useItem.22":418,"stat.deaths":191,"stat.mineBlock.3":256,"stat.useItem.58":4,"stat.swimOneCm":64251,"stat.useItem.113":50,"stat.useItem.389":3,"stat.useItem.397":1,"stat.useItem.98":108,"stat.walkOneCm":1114026,"stat.useItem.77":17,"stat.useItem.145":2,"stat.useItem.35":118,"stat.useItem.44":33,"stat.useItem.56":8,"stat.jump":4618,"stat.useItem.1":13,"stat.mineBlock.50":1,"stat.useItem.20":60,"stat.useItem.331":137,"stat.mineBlock.102":5,"stat.useItem.137":54,"stat.useItem.102":10}