{"stats":{"minecraft:used":{"minecraft:nether_brick_fence":69,"minecraft:writable_book":14,"minecraft:melon":1,"minecraft:red_sandstone_slab":17142,"minecraft:dispenser":6,"minecraft:carrot_on_a_stick":62,"minecraft:bone_block":24,"minecraft:ladder":107,"minecraft:oak_sign":241,"minecraft:white_concrete_powder":16,"minecraft:chest":4,"minecraft:white_terracotta":1004,"minecraft:stone":8196,"minecraft:zombie_spawn_egg":2,"minecraft:grass":2,"minecraft:quartz_stairs":132,"minecraft:green_terracotta":66,"minecraft:soul_sand":632,"minecraft:skeleton_spawn_egg":2,"minecraft:blue_stained_glass":21,"minecraft:jungle_planks":14,"minecraft:nether_bricks":2273,"minecraft:prismarine_brick_stairs":33,"minecraft:jungle_slab":16,"minecraft:pink_terracotta":46,"minecraft:snowball":382,"minecraft:obsidian":4578,"minecraft:red_sandstone_stairs":107,"minecraft:jungle_sapling":28,"minecraft:glass":1339,"minecraft:packed_ice":3485,"minecraft:lava_bucket":1001,"minecraft:stripped_dark_oak_wood":5,"minecraft:coal_ore":7,"minecraft:quartz_pillar":47,"minecraft:quartz_slab":521,"minecraft:black_stained_glass_pane":4,"minecraft:grass_block":171,"minecraft:green_wool":76,"minecraft:quartz_block":98,"minecraft:stone_brick_stairs":229,"minecraft:stone_bricks":4340,"minecraft:item_frame":2,"minecraft:bedrock":9,"minecraft:repeater":1529,"minecraft:redstone_lamp":143,"minecraft:magma_block":204,"minecraft:bow":147,"minecraft:snow":326,"minecraft:written_book":2,"minecraft:oak_sapling":48,"minecraft:furnace":1,"minecraft:gold_block":152,"minecraft:skeleton_skull":28,"minecraft:green_stained_glass_pane":25,"minecraft:mossy_stone_bricks":1,"minecraft:diorite":13,"minecraft:ink_sac":34,"minecraft:end_rod":26,"minecraft:end_stone_bricks":5,"minecraft:red_stained_glass":1,"minecraft:infested_stone":353,"minecraft:powered_rail":7,"minecraft:prismarine":713,"minecraft:jungle_fence":3,"minecraft:oak_planks":220,"minecraft:cactus":46,"minecraft:sandstone":8082,"minecraft:composter":16,"minecraft:black_glazed_terracotta":6,"minecraft:redstone_block":196,"minecraft:structure_void":456,"minecraft:clay":2,"minecraft:purpur_pillar":5,"minecraft:oak_leaves":245,"minecraft:white_wool":1536,"minecraft:sand":640,"minecraft:smooth_red_sandstone":3,"minecraft:black_banner":1,"minecraft:crossbow":2,"minecraft:acacia_leaves":9,"minecraft:sponge":2,"minecraft:note_block":1,"minecraft:gray_concrete":84,"minecraft:end_stone":4,"minecraft:redstone_torch":416,"minecraft:sticky_piston":168,"minecraft:lever":277,"minecraft:red_sandstone":610,"minecraft:black_concrete":30,"minecraft:daylight_detector":18,"minecraft:chiseled_sandstone":58,"minecraft:heavy_weighted_pressure_plate":10,"minecraft:barrier":4506,"minecraft:stone_button":238,"minecraft:polished_granite":102,"minecraft:oak_pressure_plate":5,"minecraft:diamond_ore":22,"minecraft:iron_door":5,"minecraft:cut_red_sandstone":5,"minecraft:polished_andesite_slab":71,"minecraft:nether_wart_block":281,"minecraft:diamond_sword":133,"minecraft:fire_charge":28,"minecraft:wooden_sword":3,"minecraft:white_stained_glass":1082,"minecraft:andesite":48,"minecraft:ice":112,"minecraft:smooth_stone_slab":1822,"minecraft:oak_boat":16,"minecraft:white_concrete":1913,"minecraft:bone_meal":26,"minecraft:cobweb":251,"minecraft:gray_stained_glass":1,"minecraft:oak_fence":322,"minecraft:oak_trapdoor":18,"minecraft:purpur_block":1,"minecraft:jungle_leaves":295,"minecraft:enchanting_table":1,"minecraft:iron_bars":272,"minecraft:flint_and_steel":56,"minecraft:dead_bush":50,"minecraft:armor_stand":39,"minecraft:carved_pumpkin":1,"minecraft:redstone_ore":26,"minecraft:red_concrete":1,"minecraft:redstone":2429,"minecraft:mycelium":62,"minecraft:ender_chest":31,"minecraft:structure_block":126,"minecraft:netherrack":1903,"minecraft:oak_door":1,"minecraft:orange_stained_glass":86,"minecraft:torch":93,"minecraft:dirt":2362,"minecraft:anvil":39,"minecraft:white_carpet":17,"minecraft:hopper":8,"minecraft:nether_quartz_ore":3,"minecraft:prismarine_bricks":2,"minecraft:spruce_stairs":10,"minecraft:cobblestone_wall":41,"minecraft:nether_brick_slab":14,"minecraft:granite":26,"minecraft:light_blue_stained_glass":5,"minecraft:nether_brick_stairs":178,"minecraft:oak_fence_gate":32,"minecraft:polished_diorite":13,"minecraft:stone_brick_slab":18,"minecraft:wooden_axe":27,"minecraft:sea_lantern":1410,"minecraft:bookshelf":21,"minecraft:yellow_stained_glass":2,"minecraft:iron_block":295,"minecraft:oak_stairs":4,"minecraft:slime_block":79,"minecraft:smooth_sandstone":2,"minecraft:jungle_log":211,"minecraft:smooth_quartz":259,"minecraft:glowstone":690,"minecraft:gray_glazed_terracotta":17,"minecraft:emerald_block":2,"minecraft:iron_trapdoor":57,"minecraft:white_stained_glass_pane":2389,"minecraft:minecart":1,"minecraft:infested_cobblestone":127,"minecraft:trapped_chest":1,"minecraft:stone_pressure_plate":64,"minecraft:orange_stained_glass_pane":321,"minecraft:observer":2,"minecraft:orange_terracotta":1,"minecraft:water_bucket":551,"minecraft:iron_ore":20,"minecraft:cobblestone_stairs":77,"minecraft:sandstone_stairs":175,"minecraft:snow_block":3749,"minecraft:polished_andesite":2326,"minecraft:lime_wool":7,"minecraft:red_nether_bricks":395,"minecraft:cut_sandstone":65,"minecraft:cobblestone_slab":34,"minecraft:spruce_fence_gate":1,"minecraft:gold_ore":9,"minecraft:cracked_stone_bricks":78,"minecraft:pink_concrete":4,"minecraft:jungle_wood":4,"minecraft:diamond_block":16,"minecraft:rail":1,"minecraft:comparator":751,"minecraft:vine":221,"minecraft:oak_slab":23,"minecraft:tnt":1,"minecraft:crafting_table":5,"minecraft:birch_sign":54,"minecraft:yellow_stained_glass_pane":23,"minecraft:dark_oak_fence_gate":6,"minecraft:painting":42,"minecraft:oak_log":384,"minecraft:blue_stained_glass_pane":12,"minecraft:piston":92,"minecraft:dark_prismarine":99,"minecraft:diamond_pickaxe":26,"minecraft:command_block":1519,"minecraft:oak_button":48,"minecraft:lapis_ore":15,"minecraft:spruce_trapdoor":9,"minecraft:chiseled_stone_bricks":3,"minecraft:brown_stained_glass_pane":9,"minecraft:cobblestone":273,"minecraft:potion":1,"minecraft:chain_command_block":38,"minecraft:lapis_block":141,"minecraft:glass_pane":2,"minecraft:repeating_command_block":35,"minecraft:end_portal_frame":1,"minecraft:jukebox":1,"minecraft:splash_potion":1},"minecraft:killed_by":{"minecraft:skeleton":2},"minecraft:custom":{"minecraft:interact_with_crafting_table":34,"minecraft:leave_game":171,"minecraft:time_since_death":77268,"minecraft:sprint_one_cm":661970,"minecraft:drop":155,"minecraft:deaths":53,"minecraft:jump":9400,"minecraft:walk_on_water_one_cm":134318,"minecraft:play_one_minute":7949276,"minecraft:open_enderchest":78,"minecraft:damage_dealt":10525,"minecraft:crouch_one_cm":528694,"minecraft:inspect_dispenser":10,"minecraft:horse_one_cm":3463,"minecraft:mob_kills":79,"minecraft:inspect_hopper":1,"minecraft:climb_one_cm":58244,"minecraft:walk_one_cm":2690483,"minecraft:sneak_time":413522,"minecraft:walk_under_water_one_cm":343239,"minecraft:boat_one_cm":210740,"minecraft:time_since_rest":77290,"minecraft:damage_taken":15348,"minecraft:trigger_trapped_chest":9,"minecraft:minecart_one_cm":454,"minecraft:swim_one_cm":11925,"minecraft:fly_one_cm":36187250,"minecraft:pig_one_cm":114666,"minecraft:open_chest":20,"minecraft:fall_one_cm":128901},"minecraft:dropped":{"minecraft:repeating_command_block":1,"minecraft:oak_pressure_plate":1,"minecraft:cooked_beef":64,"minecraft:glass_bottle":1,"minecraft:crossbow":1,"minecraft:carrot_on_a_stick":1,"minecraft:structure_void":1,"minecraft:emerald":4,"minecraft:gold_block":1,"minecraft:redstone_lamp":1,"minecraft:dirt":64,"minecraft:gray_concrete":1,"minecraft:packed_ice":1,"minecraft:stone_button":1,"minecraft:stripped_dark_oak_wood":1,"minecraft:snowball":32,"minecraft:writable_book":1,"minecraft:sand":1,"minecraft:white_wool":1,"minecraft:lever":4,"minecraft:obsidian":2,"minecraft:rabbit_hide":1,"minecraft:leather_chestplate":2,"minecraft:sea_lantern":2,"minecraft:skeleton_skull":3,"minecraft:ladder":1,"minecraft:arrow":1,"minecraft:written_book":6,"minecraft:polished_granite":1,"minecraft:netherrack":5,"minecraft:iron_ingot":6,"minecraft:golden_boots":1,"minecraft:prismarine_crystals":9,"minecraft:barrier":5,"minecraft:cobblestone":2,"minecraft:command_block":6,"minecraft:chainmail_helmet":6,"minecraft:grass_block":1,"minecraft:ink_sac":1,"minecraft:repeater":3,"minecraft:nether_wart_block":1,"minecraft:red_dye":63,"minecraft:lily_pad":1,"minecraft:redstone_block":2,"minecraft:redstone":12,"minecraft:ender_chest":1,"minecraft:blaze_rod":22,"minecraft:smooth_stone_slab":3,"minecraft:comparator":4,"minecraft:structure_block":1,"minecraft:nether_bricks":2,"minecraft:oak_sign":5,"minecraft:stone":263,"minecraft:shield":1,"minecraft:quartz_stairs":1,"minecraft:popped_chorus_fruit":1,"minecraft:redstone_torch":4,"minecraft:stone_pressure_plate":1,"minecraft:sandstone":64,"minecraft:white_stained_glass":1},"minecraft:mined":{"minecraft:iron_ore":3,"minecraft:glass":2,"minecraft:lapis_block":5,"minecraft:redstone_ore":4,"minecraft:emerald_ore":4,"minecraft:lapis_ore":2,"minecraft:coal_ore":4,"minecraft:gold_ore":4},"minecraft:crafted":{"minecraft:leather_chestplate":27,"minecraft:leather_leggings":16,"minecraft:leather_boots":6},"minecraft:killed":{"minecraft:shulker":1,"minecraft:skeleton":9,"minecraft:chicken":1,"minecraft:magma_cube":15,"minecraft:parrot":6,"minecraft:pig":1,"minecraft:zombie":7,"minecraft:stray":9,"minecraft:evoker":4,"minecraft:vex":2,"minecraft:husk":1,"minecraft:rabbit":6},"minecraft:picked_up":{"minecraft:ender_chest":1,"minecraft:anvil":33,"minecraft:lapis_block":5,"minecraft:string":30,"minecraft:smooth_stone_slab":3,"minecraft:armor_stand":2,"minecraft:sticky_piston":3,"minecraft:oak_sign":16,"minecraft:comparator":131,"minecraft:red_dye":63,"minecraft:redstone_torch":25,"minecraft:tipped_arrow":24,"minecraft:torch":1,"minecraft:rabbit_foot":1,"minecraft:stone_sword":1,"minecraft:cactus":5,"minecraft:command_block":4,"minecraft:rotten_flesh":296,"minecraft:blaze_rod":10,"minecraft:obsidian":2,"minecraft:iron_bars":14,"minecraft:snowball":72,"minecraft:cobblestone":29,"minecraft:barrier":3,"minecraft:feather":1,"minecraft:repeater":85,"minecraft:lapis_lazuli":4,"minecraft:leather_boots":1,"minecraft:bow":1,"minecraft:rabbit":6,"minecraft:oak_pressure_plate":1,"minecraft:ink_sac":1,"minecraft:grass_block":1,"minecraft:diamond_block":52,"minecraft:lever":13,"minecraft:writable_book":1,"minecraft:white_concrete":8,"minecraft:emerald":4,"minecraft:netherrack":2,"minecraft:nether_wart":1,"minecraft:chicken":1,"minecraft:ladder":1,"minecraft:structure_block":1,"minecraft:shield":1,"minecraft:heavy_weighted_pressure_plate":1,"minecraft:white_carpet":9,"minecraft:white_stained_glass":1,"minecraft:sandstone":64,"minecraft:stone":3,"minecraft:stone_button":23,"minecraft:redstone":115,"minecraft:prismarine_crystals":7,"minecraft:stone_pressure_plate":1,"minecraft:repeating_command_block":1,"minecraft:arrow":1,"minecraft:nether_bricks":1,"minecraft:saddle":1,"minecraft:black_banner":6,"minecraft:skeleton_skull":2,"minecraft:ice":1,"minecraft:lily_pad":1,"minecraft:nether_wart_block":1,"minecraft:cobblestone_wall":1,"minecraft:stone_bricks":1,"minecraft:rabbit_hide":5,"minecraft:sea_lantern":2,"minecraft:painting":3,"minecraft:oak_button":2}},"DataVersion":2230}