{"stat.useItem.minecraft.bow":17,"stat.useItem.minecraft.lapis_block":639,"stat.useItem.minecraft.quartz_block":27,"stat.pickup.minecraft.redstone_torch":8,"stat.useItem.minecraft.repeater":20,"stat.leaveGame":38,"stat.useItem.minecraft.skull":18,"stat.pickup.minecraft.lapis_block":1,"stat.useItem.minecraft.diamond_sword":9,"stat.swimOneCm":12000,"stat.drop.minecraft.skull":2,"stat.climbOneCm":64,"stat.useItem.minecraft.end_rod":20,"stat.drop.minecraft.cobblestone":3,"stat.enderchestOpened":1,"stat.useItem.minecraft.obsidian":15,"stat.useItem.minecraft.redstone_torch":47,"stat.useItem.minecraft.dirt":68,"stat.pickup.minecraft.splash_potion":1,"stat.useItem.minecraft.iron_ore":38,"stat.useItem.minecraft.detector_rail":18,"stat.useItem.minecraft.rail":167,"stat.pickup.minecraft.cobblestone":1,"stat.drop.minecraft.splash_potion":2,"stat.aviateOneCm":925084,"stat.useItem.minecraft.anvil":45,"stat.useItem.minecraft.brick_block":46,"stat.flyOneCm":2610854,"stat.drop.minecraft.snow_layer":1,"stat.pickup.minecraft.redstone":5,"stat.timeSinceDeath":82941,"stat.useItem.minecraft.sign":19,"stat.drop.minecraft.stained_glass":1,"stat.pickup.minecraft.wooden_button":4,"stat.pickup.minecraft.string":9,"stat.pickup.minecraft.snow_layer":1,"stat.useItem.minecraft.minecart":9,"stat.useItem.minecraft.redstone":112,"stat.useItem.minecraft.sea_lantern":93,"stat.drop.minecraft.obsidian":2,"stat.sprintOneCm":243931,"stat.useItem.minecraft.stained_glass":6,"stat.useItem.minecraft.diamond_shovel":38,"stat.useItem.minecraft.stone_stairs":18,"stat.useItem.minecraft.stone_slab":22,"stat.useItem.minecraft.ice":1,"stat.useItem.minecraft.wooden_button":18,"stat.useItem.minecraft.stone_pressure_plate":8,"stat.pickup.minecraft.spawn_egg":2286,"stat.deaths":16,"stat.drop":21,"stat.playOneMinute":710053,"stat.pickup.minecraft.stone_button":3,"stat.useItem.minecraft.banner":13,"stat.useItem.minecraft.diamond_ore":9,"stat.useItem.minecraft.nether_brick":37,"stat.drop.minecraft.redstone_block":1,"stat.diveOneCm":1925,"stat.chestOpened":5,"stat.useItem.minecraft.lapis_ore":16,"stat.useItem.minecraft.splash_potion":118,"stat.pickup.minecraft.sign":1,"stat.useItem.minecraft.stone":2666,"stat.useItem.minecraft.quartz_stairs":4,"stat.pickup.minecraft.obsidian":1,"stat.useItem.minecraft.carpet":54,"stat.drop.minecraft.banner":1,"stat.useItem.minecraft.bedrock":2,"stat.jump":1366,"stat.useItem.minecraft.sand":85,"stat.useItem.minecraft.experience_bottle":24,"stat.fallOneCm":353,"stat.drop.minecraft.stone":4,"stat.useItem.minecraft.piston":12,"stat.drop.minecraft.diamond_sword":1,"stat.crouchOneCm":15413,"stat.useItem.minecraft.nether_brick_fence":6,"stat.useItem.minecraft.stone_button":32,"stat.useItem.minecraft.coal_ore":55,"stat.useItem.minecraft.emerald_ore":9,"stat.useItem.minecraft.dispenser":9,"stat.useItem.minecraft.glass":7,"stat.boatOneCm":5231,"stat.pickup.minecraft.command_block":1,"stat.useItem.minecraft.golden_rail":38,"stat.damageTaken":970,"stat.useItem.minecraft.stone_brick_stairs":31,"stat.useItem.minecraft.end_crystal":2,"stat.dispenserInspected":18,"stat.killEntity.CaveSpider":3,"stat.damageDealt":420,"stat.useItem.minecraft.snow_layer":62,"stat.useItem.minecraft.wool":140,"stat.useItem.minecraft.command_block":36,"stat.walkOneCm":552062,"stat.useItem.minecraft.chest":1,"stat.useItem.minecraft.cobblestone":517,"stat.useItem.minecraft.lava_bucket":4,"stat.useItem.minecraft.gold_ore":13,"stat.minecartOneCm":80233,"stat.pickup.minecraft.redstone_block":1,"stat.drop.minecraft.sign":1,"stat.useItem.minecraft.redstone_block":6,"stat.pickup.minecraft.stone":2,"stat.useItem.minecraft.stained_hardened_clay":12,"stat.useItem.minecraft.tallgrass":49,"stat.drop.minecraft.command_block":1,"stat.useItem.minecraft.concrete":934,"stat.useItem.minecraft.fireworks":16,"stat.pickup.minecraft.banner":2,"stat.useItem.minecraft.prismarine":457,"stat.useItem.minecraft.barrier":742,"stat.mobKills":3,"stat.useItem.minecraft.stonebrick":3349,"stat.useItem.minecraft.monster_egg":10,"stat.useItem.minecraft.grass_path":30,"stat.useItem.minecraft.cobblestone_wall":131,"stat.drop.minecraft.prismarine":1,"stat.sneakTime":18768,"stat.pickup.minecraft.yellow_flower":3,"stat.useItem.minecraft.sandstone":87}