{"stats":{"minecraft:picked_up":{"minecraft:tripwire_hook":1,"minecraft:diamond_sword":1,"minecraft:comparator":4,"minecraft:bucket":1,"minecraft:iron_ingot":16,"minecraft:cobweb":2,"minecraft:stone":1,"minecraft:torch":1,"minecraft:trident":2,"minecraft:redstone":5,"minecraft:diamond_block":2,"minecraft:lever":1,"minecraft:stripped_dark_oak_wood":1,"minecraft:blaze_rod":1,"minecraft:obsidian":2},"minecraft:killed":{"minecraft:wolf":17,"minecraft:magma_cube":2,"minecraft:shulker":1},"minecraft:killed_by":{"minecraft:skeleton":2},"minecraft:custom":{"minecraft:mob_kills":22,"minecraft:inspect_hopper":1,"minecraft:tune_noteblock":8,"minecraft:interact_with_crafting_table":9,"minecraft:play_one_minute":590493,"minecraft:leave_game":20,"minecraft:time_since_death":106090,"minecraft:sleep_in_bed":5,"minecraft:climb_one_cm":29967,"minecraft:time_since_rest":106147,"minecraft:sprint_one_cm":212518,"minecraft:open_enderchest":1,"minecraft:damage_taken":13866,"minecraft:walk_one_cm":424204,"minecraft:trigger_trapped_chest":5,"minecraft:drop":35,"minecraft:damage_dealt":2243,"minecraft:swim_one_cm":1089,"minecraft:fly_one_cm":1956141,"minecraft:player_kills":2,"minecraft:open_chest":18,"minecraft:crouch_one_cm":42010,"minecraft:deaths":42,"minecraft:sneak_time":37371,"minecraft:walk_under_water_one_cm":59016,"minecraft:boat_one_cm":43356,"minecraft:aviate_one_cm":2677187,"minecraft:jump":1475,"minecraft:walk_on_water_one_cm":39398,"minecraft:fall_one_cm":83455,"minecraft:inspect_dispenser":30},"minecraft:used":{"minecraft:emerald_ore":10,"minecraft:water_bucket":14,"minecraft:acacia_boat":4,"minecraft:trident":1,"minecraft:iron_ore":16,"minecraft:jungle_leaves":11,"minecraft:cobblestone_stairs":2,"minecraft:snow_block":68,"minecraft:redstone_ore":10,"minecraft:polished_andesite":26,"minecraft:dispenser":3,"minecraft:redstone":171,"minecraft:ladder":67,"minecraft:chest":6,"minecraft:birch_boat":4,"minecraft:ender_chest":1,"minecraft:sandstone":3,"minecraft:cut_sandstone":43,"minecraft:zombie_spawn_egg":1,"minecraft:redstone_block":4,"minecraft:structure_void":2,"minecraft:quartz_stairs":19,"minecraft:cobblestone_slab":10,"minecraft:gold_ore":15,"minecraft:structure_block":17,"minecraft:netherrack":36,"minecraft:jungle_boat":5,"minecraft:cracked_stone_bricks":18,"minecraft:white_wool":578,"minecraft:torch":26,"minecraft:jungle_wood":3,"minecraft:dirt":4,"minecraft:soul_sand":11,"minecraft:anvil":12,"minecraft:comparator":15,"minecraft:vine":4,"minecraft:tnt":198,"minecraft:crafting_table":4,"minecraft:hopper":2,"minecraft:nether_quartz_ore":5,"minecraft:nether_bricks":20,"minecraft:black_banner":5,"minecraft:cobblestone_wall":10,"minecraft:white_bed":4,"minecraft:blue_ice":218,"minecraft:note_block":10,"minecraft:shulker_spawn_egg":3,"minecraft:snowball":134,"minecraft:spruce_log":541,"minecraft:obsidian":211,"minecraft:dark_oak_door":5,"minecraft:milk_bucket":5,"minecraft:firework_rocket":54,"minecraft:redstone_torch":15,"minecraft:spruce_boat":3,"minecraft:lever":45,"minecraft:sticky_piston":8,"minecraft:dark_prismarine":70,"minecraft:wooden_axe":2,"minecraft:packed_ice":418,"minecraft:sea_lantern":15,"minecraft:black_wool":10,"minecraft:lava_bucket":40,"minecraft:coal_ore":11,"minecraft:chiseled_sandstone":2,"minecraft:dark_oak_log":8,"minecraft:command_block":31,"minecraft:quartz_slab":6,"minecraft:heavy_weighted_pressure_plate":7,"minecraft:grass_block":11,"minecraft:string":10,"minecraft:slime_block":46,"minecraft:barrier":223,"minecraft:jungle_log":5,"minecraft:stone_button":7,"minecraft:lapis_ore":8,"minecraft:sign":24,"minecraft:stone_slab":3,"minecraft:diamond_ore":9,"minecraft:iron_door":9,"minecraft:stone_bricks":117,"minecraft:bedrock":143,"minecraft:tripwire_hook":3,"minecraft:diamond_sword":58,"minecraft:glowstone":44,"minecraft:repeater":35,"minecraft:redstone_lamp":327,"minecraft:snow":1,"minecraft:dark_oak_boat":6,"minecraft:bucket":2,"minecraft:lapis_block":31,"minecraft:repeating_command_block":1,"minecraft:infested_cobblestone":15,"minecraft:trapped_chest":2,"minecraft:ice":41,"minecraft:oak_boat":3,"minecraft:stone_pressure_plate":3,"minecraft:white_concrete":311,"minecraft:observer":2,"minecraft:splash_potion":94},"minecraft:crafted":{"minecraft:leather_leggings":2,"minecraft:leather_boots":2,"minecraft:iron_nugget":9,"minecraft:gold_nugget":9,"minecraft:leather_chestplate":1},"minecraft:dropped":{"minecraft:snow_block":2,"minecraft:soul_sand":1,"minecraft:lever":3,"minecraft:blaze_rod":1,"minecraft:cobblestone_wall":1,"minecraft:obsidian":4,"minecraft:barrier":4,"minecraft:jungle_wood":1,"minecraft:comparator":1,"minecraft:bedrock":1,"minecraft:nether_bricks":1,"minecraft:structure_void":1,"minecraft:polished_andesite":1,"minecraft:sign":1,"minecraft:redstone_lamp":1,"minecraft:stone":1,"minecraft:packed_ice":3,"minecraft:stone_button":1,"minecraft:snowball":16,"minecraft:redstone_torch":1,"minecraft:stone_pressure_plate":1,"minecraft:netherrack":1,"minecraft:redstone":2}},"DataVersion":1631}