{"stat.useItem.minecraft.quartz_block":85,"stat.useItem.minecraft.repeater":5,"stat.leaveGame":9,"stat.useItem.minecraft.skull":3,"stat.useItem.minecraft.repeating_command_block":2,"stat.swimOneCm":8297,"stat.useItem.minecraft.snow":20,"stat.climbOneCm":19538,"stat.useItem.minecraft.planks":100,"stat.useItem.minecraft.end_rod":4,"stat.useItem.minecraft.redstone_torch":70,"stat.useItem.minecraft.dirt":957,"stat.useItem.minecraft.water_bucket":25,"stat.pickup.minecraft.rotten_flesh":2,"stat.useItem.minecraft.diamond_hoe":5,"stat.useItem.minecraft.red_flower":2,"stat.useItem.minecraft.vine":6,"stat.pickup.minecraft.cobblestone":4,"stat.useItem.minecraft.stone_shovel":24,"stat.flyOneCm":2382359,"stat.killEntity.Villager":1,"stat.drop.minecraft.snow_layer":1,"stat.timeSinceDeath":145240,"stat.useItem.minecraft.sign":1,"stat.useItem.minecraft.spawn_egg":1,"stat.useItem.minecraft.wooden_slab":117,"stat.useItem.minecraft.iron_shovel":1,"stat.useItem.minecraft.iron_door":6,"stat.useItem.minecraft.lever":4,"stat.useItem.minecraft.oak_stairs":3,"stat.drop.minecraft.stained_glass":2,"stat.drop.minecraft.dirt":1,"stat.pickup.minecraft.wooden_button":1,"stat.useItem.minecraft.armor_stand":2,"stat.drop.minecraft.stone_slab":1,"stat.useItem.minecraft.double_plant":24,"stat.useItem.minecraft.redstone":21,"stat.useItem.minecraft.sea_lantern":1,"stat.entityKilledBy.Skeleton":2,"stat.drop.minecraft.obsidian":1,"stat.useItem.minecraft.spruce_fence":4,"stat.sprintOneCm":335951,"stat.useItem.minecraft.stained_glass":137,"stat.useItem.minecraft.fence":6,"stat.useItem.minecraft.stone_stairs":84,"stat.pickup.minecraft.skull":1,"stat.useItem.minecraft.stone_slab":468,"stat.useItem.minecraft.bed":1,"stat.useItem.minecraft.flint_and_steel":1,"stat.pickup.minecraft.grass":1,"stat.useItem.minecraft.wheat_seeds":4,"stat.useItem.minecraft.dye":696,"stat.deaths":36,"stat.drop":14,"stat.playOneMinute":624967,"stat.pickup.minecraft.stone_button":1,"stat.useItem.minecraft.banner":14,"stat.useItem.minecraft.jungle_stairs":12,"stat.killEntity.Zombie":2,"stat.drop.minecraft.iron_ingot":20,"stat.diveOneCm":5730,"stat.chestOpened":1,"stat.drop.minecraft.ice":1,"stat.useItem.minecraft.structure_void":100,"stat.drop.minecraft.dark_oak_fence":1,"stat.useItem.minecraft.stone":4592,"stat.useItem.minecraft.jungle_fence":42,"stat.useItem.minecraft.quartz_stairs":8,"stat.pickup.minecraft.structure_void":1,"stat.pickup.minecraft.obsidian":1,"stat.useItem.minecraft.stained_glass_pane":14,"stat.useItem.minecraft.flower_pot":5,"stat.jump":3323,"stat.fallOneCm":48389,"stat.pickup.minecraft.iron_ingot":10,"stat.drop.minecraft.stone":1,"stat.crouchOneCm":35208,"stat.pickup.minecraft.dirt":64,"stat.useItem.minecraft.coal_ore":5,"stat.useItem.minecraft.stone_button":5,"stat.drop.minecraft.stained_glass_pane":2,"stat.boatOneCm":19371,"stat.useItem.minecraft.sapling":39,"stat.pickup.minecraft.jungle_door":1,"stat.damageTaken":8010,"stat.useItem.minecraft.dark_oak_fence":8,"stat.useItem.minecraft.stone_brick_stairs":4,"stat.pickup.minecraft.dark_oak_fence":1,"stat.drop.minecraft.stone_button":1,"stat.damageDealt":1003,"stat.useItem.minecraft.snow_layer":722,"stat.useItem.minecraft.wool":5,"stat.sleepInBed":3,"stat.pickup.minecraft.ice":1,"stat.flowerPotted":4,"stat.useItem.minecraft.command_block":14,"stat.walkOneCm":733218,"stat.playerKills":3,"stat.useItem.minecraft.chest":3,"stat.useItem.minecraft.log":97,"stat.useItem.minecraft.comparator":4,"stat.useItem.minecraft.cobblestone":259,"stat.useItem.minecraft.gravel":17,"stat.useItem.minecraft.lava_bucket":103,"stat.pickup.minecraft.stone":257,"stat.pickup.minecraft.sapling":4,"stat.useItem.minecraft.leaves":176,"stat.useItem.minecraft.tallgrass":278,"stat.useItem.minecraft.concrete":154,"stat.useItem.minecraft.barrier":336,"stat.useItem.minecraft.jungle_door":4,"stat.useItem.minecraft.daylight_detector":1,"stat.mobKills":9,"stat.useItem.minecraft.grass_path":36,"stat.useItem.minecraft.mossy_cobblestone":42,"stat.useItem.minecraft.monster_egg":1890,"stat.useItem.minecraft.cobblestone_wall":148,"stat.useItem.minecraft.spruce_door":6,"stat.useItem.minecraft.beetroot_seeds":5,"stat.sneakTime":26446,"stat.pickup.minecraft.stone_slab":1,"stat.useItem.minecraft.web":15}